cluster_centers_X,cluster_centers_Y
15.720529801324492,13.980132450331128
24.367808219178084,16.434246575342467
34.30842105263157,16.650526315789474
